{"cameraMode":{"drawMode":0,"name":"Shaded","section":"Shading Mode"},"sceneLighting":false,"audioPlay":false,"sceneViewState":{"m_AlwaysRefresh":false,"showFog":true,"showSkybox":true,"showFlares":true,"showImageEffects":true,"showParticleSystems":true,"showVisualEffectGraphs":true,"m_FxEnabled":true},"in2DMode":false,"pivot":{"x":941.8223876953125,"y":553.6473388671875,"z":115.36341094970703},"rotation":{"x":0.11464520543813706,"y":-0.002980188699439168,"z":0.00034491260885261,"w":0.9934105277061462},"size":502.529052734375,"orthographic":false}